{"_step":1509,"_wandb":{"runtime":48},"epoch":2,"loss":1.9702054262161255,"accuracy":0.4151785671710968,"_timestamp":1.741713185143061e+09,"_runtime":11.666928}