{"accuracy":0.3348214328289032,"_timestamp":1.741865259221458e+09,"_runtime":11.394137,"_step":1509,"_wandb":{"runtime":189},"epoch":2,"loss":2.213796854019165}