{"_runtime":11.178348,"_step":1509,"epoch":2,"_wandb":{"runtime":924},"loss":1.9410840272903442,"accuracy":0.3928571343421936,"_timestamp":1.741861565318016e+09}