{"_runtime":22.125097,"_step":649,"accuracy":0.5833333134651184,"loss":0.7853615283966064,"_wandb":{"runtime":22},"_timestamp":1.7309809445847418e+09}