{"_timestamp":1.7380806145172951e+09,"_runtime":1403.03604,"_step":75499,"_wandb":{"runtime":1404},"epoch":50,"loss":0.5516533255577087,"accuracy":0.8146551847457886}