{"accuracy":0.4241071343421936,"_timestamp":1.741713141695452e+09,"_runtime":11.106299,"_step":1509,"_wandb":{"runtime":15},"epoch":2,"loss":1.813873291015625}