{"_runtime":12.470432,"_step":1509,"_wandb":{"runtime":946},"epoch":2,"loss":1.9536319971084595,"accuracy":0.4241071343421936,"_timestamp":1.741865599992048e+09}