{"accuracy":0.506465494632721,"_timestamp":1.7380783854219038e+09,"_runtime":509.894953,"_step":7831,"_wandb":{"runtime":509},"epoch":11,"loss":1.574095606803894}