{"loss":0.7925748825073242,"accuracy":0.7946428656578064,"_timestamp":1.74171182637081e+09,"_runtime":357.004695,"_step":37749,"epoch":50,"_wandb":{"runtime":357}}