{"_step":2649,"_wandb":{"runtime":133},"accuracy":0.3333333432674408,"loss":0.953113317489624,"_timestamp":1.730980424955433e+09,"_runtime":133.160458}