{"loss":0.9033424258232117,"accuracy":0.6964285969734192,"_timestamp":1.741711461584218e+09,"_runtime":533.064922,"_step":70398,"epoch":47,"_wandb":{"runtime":533}}