{"epoch":2,"loss":2.1702353954315186,"accuracy":0.3303571343421936,"_timestamp":1.741860728999706e+09,"_runtime":11.236305,"_step":1509,"_wandb":{"runtime":121}}