{"accuracy":0.4241071343421936,"_timestamp":1.741862803169756e+09,"_wandb":{"runtime":113},"_runtime":11.959971,"_step":1509,"epoch":2,"loss":1.8392524719238281}