{"accuracy":0.5104166865348816,"loss":0.8233219981193542,"_timestamp":1.7309800112533681e+09,"_runtime":27.641071,"_step":149,"_wandb":{"runtime":27}}