{"epoch":2,"loss":1.7881271839141846,"accuracy":0.4553571343421936,"_timestamp":1.7418665763391428e+09,"_runtime":11.355655,"_wandb":{"runtime":134},"_step":1509}