{"_wandb":{"runtime":93},"loss":1.5742069482803345,"accuracy":0.5267857313156128,"_timestamp":1.741860495749254e+09,"_runtime":13.387188,"_step":1509,"epoch":2}