{"epoch":2,"loss":1.8487638235092163,"accuracy":0.4732142984867096,"_timestamp":1.741864910950413e+09,"_runtime":11.010571,"_step":1509,"_wandb":{"runtime":157}}