{"_runtime":23.736974,"_step":649,"accuracy":0.5208333134651184,"loss":0.8192658424377441,"_wandb":{"runtime":24},"_timestamp":1.730980676778667e+09}