{"_timestamp":1.741713321772167e+09,"_runtime":11.285089,"_step":1509,"epoch":2,"loss":1.752627968788147,"accuracy":0.4464285671710968,"_wandb":{"runtime":21}}