{"_runtime":0.998715,"_step":7,"acc":0.9354863902661466,"_wandb":{"runtime":1},"loss":0.12181173947256724,"_timestamp":1.730974620863211e+09}