{"epoch":2,"loss":1.7390270233154297,"accuracy":0.4732142984867096,"_timestamp":1.741859904158849e+09,"_runtime":11.29361,"_step":1509,"_wandb":{"runtime":195}}