{"_timestamp":1.7417120756596842e+09,"_runtime":11.878937,"_step":1509,"epoch":2,"loss":1.8602122068405151,"_wandb":{"runtime":74},"accuracy":0.4017857015132904}