{"_wandb":{"runtime":371},"epoch":2,"loss":1.734765887260437,"accuracy":0.4598214328289032,"_timestamp":1.741861136864644e+09,"_runtime":11.447893,"_step":1509}