{"_timestamp":1.741864615572264e+09,"_runtime":11.033567,"_step":1509,"epoch":2,"_wandb":{"runtime":34},"loss":2.0289130210876465,"accuracy":0.3794642984867096}