{"_wandb":{"runtime":202},"loss":2.0766494274139404,"accuracy":0.33552631735801697,"_timestamp":1.738078761756308e+09,"_runtime":174.677618,"_step":4,"epoch":5}