{"_timestamp":1.741710592273932e+09,"_runtime":186.154095,"_step":4699,"epoch":100,"loss":1.1057921648025513,"accuracy":0.6763392686843872,"_wandb":{"runtime":186}}