{"_step":1299,"accuracy":0.5104166865348816,"loss":0.9293889999389648,"_timestamp":1.730981071138751e+09,"_runtime":80.913124,"_wandb":{"runtime":80}}