{"loss":1.8329999446868896,"accuracy":0.4508928656578064,"_timestamp":1.741713264554733e+09,"_runtime":11.585592,"_step":1509,"_wandb":{"runtime":14},"epoch":2}