{"_step":22649,"epoch":15,"loss":1.1696231365203857,"accuracy":0.6336206793785095,"_wandb":{"runtime":190},"_timestamp":1.738079156731256e+09,"_runtime":189.84321}