{"_timestamp":1.741712650330701e+09,"_runtime":11.230719,"_step":1509,"_wandb":{"runtime":18},"epoch":2,"loss":1.8475916385650635,"accuracy":0.4553571343421936}