{"loss":1.8705240488052368,"accuracy":0.4464285671710968,"_timestamp":1.7418646543024151e+09,"_runtime":10.976648,"_step":1509,"_wandb":{"runtime":147},"epoch":2}