{"accuracy":0.375,"_timestamp":1.741862969694549e+09,"_wandb":{"runtime":699},"_runtime":11.141403,"_step":1509,"epoch":2,"loss":2.0567822456359863}