{"epoch":2,"loss":1.8937015533447266,"accuracy":0.4196428656578064,"_timestamp":1.741711979734195e+09,"_runtime":11.242426,"_step":1509,"_wandb":{"runtime":12}}