{"_timestamp":1.741712295725169e+09,"_runtime":11.748367,"_step":1509,"_wandb":{"runtime":36},"epoch":2,"loss":1.8268142938613892,"accuracy":0.4419642984867096}