{"epoch":2,"loss":1.9130791425704956,"accuracy":0.4241071343421936,"_timestamp":1.741862498132739e+09,"_runtime":12.04354,"_wandb":{"runtime":219},"_step":1509}