{"epoch":2,"loss":1.4623777866363525,"accuracy":0.5714285969734192,"_timestamp":1.741712948991395e+09,"_runtime":11.225125,"_step":1509,"_wandb":{"runtime":37}}