{"_timestamp":1.7418602791354089e+09,"_runtime":11.168248,"_step":1509,"_wandb":{"runtime":200},"epoch":2,"loss":1.862504005432129,"accuracy":0.4285714328289032}