{"_runtime":11.23239,"_step":1509,"epoch":2,"loss":2.0884971618652344,"_wandb":{"runtime":17},"accuracy":0.3214285671710968,"_timestamp":1.741713094321963e+09}