{"_step":1509,"epoch":2,"loss":1.8727596998214722,"accuracy":0.4151785671710968,"_timestamp":1.741866768782495e+09,"_wandb":{"runtime":4760},"_runtime":13.081334}