{"epoch":2,"loss":1.9217443466186523,"_wandb":{"runtime":63},"accuracy":0.4375,"_timestamp":1.741712530389793e+09,"_runtime":11.314677,"_step":1509}