{"_timestamp":1.7418644520166972e+09,"_runtime":12.885088,"_wandb":{"runtime":134},"_step":1509,"epoch":2,"loss":1.929633378982544,"accuracy":0.4017857015132904}