{"accuracy":0.5,"loss":0.7739181518554688,"_timestamp":1.730981254439269e+09,"_runtime":65.72519,"_step":2599,"_wandb":{"runtime":65}}